"rgn_id","resilience_score"
1,0.5
2,0.25
3,0.25
4,0.5
5,0.5
6,0.25
7,0.25
8,0.5
9,0.25
10,0.5
11,0.5
12,0.25
13,0.5
14,0.5
15,0.25
16,0.5
17,0.5
18,0.5
19,NA
20,0.5
21,0.5
22,NA
23,0.583333333333333
24,0.583333333333333
25,0.5
26,0.5
27,0.583333333333333
28,0.5
29,0.5
30,0.5
31,0.5
32,0.5
33,NA
34,0.5
35,0.5
36,0.5
37,0.5
38,0.5
39,0.5
40,0.5
41,0.5
42,0.5
